[
    {
      "text": "What is the capital of France?",
      "options": ["London", "Berlin", "Paris", "Madrid"],
      "correctAnswer": 2,
      "category": "Geography",
      "difficulty": "easy",
      "explanation": "Paris is the capital and most populous city of France."
    },
    {
      "text": "Who wrote 'Romeo and Juliet'?",
      "options": ["Charles Dickens", "William Shakespeare", "Jane Austen", "Mark Twain"],
      "correctAnswer": 1,
      "category": "Literature",
      "difficulty": "easy",
      "explanation": "Romeo and Juliet is a tragedy written by William Shakespeare early in his career."
    },
    {
      "text": "What is the chemical symbol for gold?",
      "options": ["Go", "Gd", "Au", "Ag"],
      "correctAnswer": 2,
      "category": "Science",
      "difficulty": "easy",
      "explanation": "The chemical symbol for gold is Au, from the Latin word 'aurum'."
    },
    {
      "text": "Which planet is known as the Red Planet?",
      "options": ["Venus", "Mars", "Jupiter", "Saturn"],
      "correctAnswer": 1,
      "category": "Astronomy",
      "difficulty": "easy",
      "explanation": "Mars is often called the Red Planet due to its reddish appearance."
    },
    {
      "text": "What is the largest ocean on Earth?",
      "options": ["Atlantic Ocean", "Indian Ocean", "Arctic Ocean", "Pacific Ocean"],
      "correctAnswer": 3,
      "category": "Geography",
      "difficulty": "easy",
      "explanation": "The Pacific Ocean is the largest and deepest ocean on Earth."
    },
    {
      "text": "In which year did World War II end?",
      "options": ["1943", "1945", "1947", "1950"],
      "correctAnswer": 1,
      "category": "History",
      "difficulty": "medium",
      "explanation": "World War II ended in 1945 with the surrender of Germany in May and Japan in September."
    },
    {
      "text": "What is the square root of 144?",
      "options": ["12", "14", "16", "18"],
      "correctAnswer": 0,
      "category": "Mathematics",
      "difficulty": "medium",
      "explanation": "The square root of 144 is 12, because 12 × 12 = 144."
    },
    {
      "text": "Which element has the chemical symbol 'O'?",
      "options": ["Osmium", "Oxygen", "Oganesson", "Olivine"],
      "correctAnswer": 1,
      "category": "Science",
      "difficulty": "easy",
      "explanation": "Oxygen has the chemical symbol 'O' and is essential for human respiration."
    },
    {
      "text": "Who painted the Mona Lisa?",
      "options": ["Vincent van Gogh", "Pablo Picasso", "Leonardo da Vinci", "Michelangelo"],
      "correctAnswer": 2,
      "category": "Art",
      "difficulty": "easy",
      "explanation": "The Mona Lisa was painted by Leonardo da Vinci in the early 16th century."
    },
    {
      "text": "What is the capital of Japan?",
      "options": ["Seoul", "Beijing", "Tokyo", "Bangkok"],
      "correctAnswer": 2,
      "category": "Geography",
      "difficulty": "easy",
      "explanation": "Tokyo is the capital and most populous city of Japan."
    },
    {
      "text": "Which of these is NOT a programming language?",
      "options": ["Java", "Python", "Cobra", "Dolphin"],
      "correctAnswer": 3,
      "category": "Technology",
      "difficulty": "medium",
      "explanation": "Dolphin is not a programming language. Java, Python, and Cobra are all programming languages."
    },
    {
      "text": "What is the largest mammal on Earth?",
      "options": ["African Elephant", "Blue Whale", "Giraffe", "Polar Bear"],
      "correctAnswer": 1,
      "category": "Biology",
      "difficulty": "easy",
      "explanation": "The Blue Whale is the largest mammal on Earth, reaching lengths of up to 100 feet."
    },
    {
      "text": "Which country is home to the Great Barrier Reef?",
      "options": ["Brazil", "Australia", "Thailand", "Mexico"],
      "correctAnswer": 1,
      "category": "Geography",
      "difficulty": "medium",
      "explanation": "The Great Barrier Reef is located off the coast of Queensland, Australia."
    },
    {
      "text": "What is the smallest prime number?",
      "options": ["0", "1", "2", "3"],
      "correctAnswer": 2,
      "category": "Mathematics",
      "difficulty": "medium",
      "explanation": "2 is the smallest prime number. A prime number is a natural number greater than 1 that is not divisible by any number other than 1 and itself."
    },
    {
      "text": "Who wrote 'To Kill a Mockingbird'?",
      "options": ["J.K. Rowling", "Harper Lee", "Stephen King", "Ernest Hemingway"],
      "correctAnswer": 1,
      "category": "Literature",
      "difficulty": "medium",
      "explanation": "To Kill a Mockingbird was written by Harper Lee and published in 1960."
    },
    {
      "text": "What is the main ingredient in guacamole?",
      "options": ["Tomato", "Avocado", "Onion", "Lime"],
      "correctAnswer": 1,
      "category": "Food",
      "difficulty": "easy",
      "explanation": "The main ingredient in guacamole is avocado, typically mashed and mixed with other ingredients."
    },
    {
      "text": "Which planet has the most moons?",
      "options": ["Jupiter", "Saturn", "Uranus", "Neptune"],
      "correctAnswer": 1,
      "category": "Astronomy",
      "difficulty": "hard",
      "explanation": "Saturn has the most moons with 82 confirmed moons, slightly more than Jupiter's 79."
    },
    {
      "text": "What is the capital of Australia?",
      "options": ["Sydney", "Melbourne", "Canberra", "Perth"],
      "correctAnswer": 2,
      "category": "Geography",
      "difficulty": "medium",
      "explanation": "Canberra is the capital city of Australia, not Sydney or Melbourne as many people think."
    },
    {
      "text": "Who discovered penicillin?",
      "options": ["Marie Curie", "Alexander Fleming", "Louis Pasteur", "Joseph Lister"],
      "correctAnswer": 1,
      "category": "Science",
      "difficulty": "medium",
      "explanation": "Alexander Fleming discovered penicillin in 1928, revolutionizing medicine with the first antibiotic."
    },
    {
      "text": "What is the hardest natural substance on Earth?",
      "options": ["Platinum", "Diamond", "Titanium", "Quartz"],
      "correctAnswer": 1,
      "category": "Science",
      "difficulty": "medium",
      "explanation": "Diamond is the hardest known natural material on Earth, composed of carbon atoms arranged in a crystal structure."
    }
  ]
  